CID,CRPNameN00034296,   "Aalders, Tim"N00036765,   "Ables, Wayne"N00036633,   "Abraham, Ralph"N00027398,   "Acosta, Raul"N00029081,   "Adame, Marhshall"N00035451,   "Adams, Alma"N00032432,   "Adams, John"N00035389,   "Adams, Steve"N00036376,   "Adams, Thomas A"N00031338,   "Adcock, Dee"N00003028,   "Aderholt, Robert B"N00033997,   "Aguilar, Pete"N00035909,   "Aiken, Clay"N00036001,   "Aikens, William"N00033916,   "Alameel, David"N00035564,   "Alas, Art"N00036483,   "Alberson, Floyd Wayne"N00009888,   "Alexander, Lamar"N00035983,   "Alexander, Lewis"N00033720,   "Allen, Richard W"N00036679,   "Allison, Joy Jennifer"N00031084,   "Amador, Tony"N00031938,   "Amash, Justin"N00031177,   "Amodei, Mark"N00033885,   "Anderson, Dennis"N00036108,   "Anderson, Peter O"N00035343,   "Anderson, Quentin"N00036730,   "Andrews, Matthew"N00036777,   "Angel, Dark"N00036746,   "Ansley, Justin"N00035414,   "Appel, Staci"N00034703,   "Armstrong, Brandon"N00005697,   "Ashby, Ken"N00005293,   "Ashford, Brad"N00026113,   "Assini, Mark"N00031491,   "Atanus, Susanne"N00035012,   "Atwood, Frank"N00035058,   "August, Bernie"N00035733,   "Aulenti, James"N00034173,   "Ayers, Avery"N00030980,   "Ayotte, Kelly"N00035027,   "Baber, Bob Henry"N00005736,   "Babin, Brian"N00027493,   "Bachmann, Michele"N00008091,   "Bachus, Spencer"N00035528,   "Bailey, Bill"N00036336,   "Bakari, Kamau Akil"N00036368,   "Balchunis, Mary Ellen"N00035040,   "Baldwin, Raymond"N00004367,   "Baldwin, Tammy"N00036208,   "Ball, Gordon"N00035112,   "Ballard, Scott J"N00035896,   "Banach, Dave"N00036602,   "Baratelli, Joe"N00033981,   "Barber, Ron"N00025804,   "Bardel, Hank"N00035310,   "Barfield, Jonathan"N00025495,   "Barletta, Lou"N00034885,   "Barnhart, Scott J"N00031233,   "Barr, Andy"N00036815,   "Barr, Christina"N00006236,   "Barrasso, John A"N00035037,   "Barrilleaux, Bryan"N00036384,   "Barron, Bill"N00026080,   "Barrow, John"N00005656,   "Barton, Joe"N00036660,   "Basler, Doug"N00036469,   "Bass, Herbert"N00031877,   "Bass, Karen"N00036598,   "Batson, Randall"N00036706,   "Bauer, Lee"N00036609,   "Beard, Mark T"N00033904,   "Beatty, Joyce"N00009774,   "Becerra, Xavier"N00036584,   "Beck, Gwendolyn"N00029901,   "Begich, Mark"N00035623,   "Belgard, Aimee"N00000871,   "Bell, Jeff"N00014711,   "Bell, Philip H"N00034793,   "Bellone, Alan"N00035660,   "Bellows, Shenna"N00031934,   "Benishek, Dan"N00030608,   "Bennet, Michael F"N00033625,   "Bentivolio, Kerry"N00030717,   "Bera, Ami"N00032405,   "Bergmann, Charlotte"N00036780,   "Berman, Mike"N00031994,   "Best, Russell"N00035997,   "Betz, John"N00036018,   "Beyer, Don"N00027462,   "Bilirakis, Gus"N00036449,   "Bishop, Mike"N00025292,   "Bishop, Rob"N00002674,   "Bishop, Sanford"N00025413,   "Bishop, Timothy H"N00031539,   "Black, Diane"N00030082,   "Black, Phil"N00003105,   "Blackburn, Marsha"N00035971,   "Blair, Paul"N00036836,   "Blais, Dianne L"N00036834,   "Blais, Gerard"N00031690,   "Blakeman, Bruce"N00034999,   "Blue, Antonio"N00033744,   "Blum, Rod"N00007727,   "Blumenauer, Earl"N00031685,   "Blumenthal, Richard"N00005195,   "Blunt, Roy"N00032925,   "Boal, Ellis"N00035727,   "Bock, Joe"N00003675,   "Boehner, John"N00036578,   "Boggs, Tom"N00031805,   "Boler, Mark"N00033474,   "Bonamici, Suzanne"N00033342,   "Bongino, Dan"N00035577,   "Bonner, Jay Alan"N00035267,   "Booker, Cory"N00013873,   "Boozman, John"N00024866,   "Bordallo, Madeleine Z"N00036430,   "Bossi, Jill"N00035420,   "Bost, Mike"N00026595,   "Boustany, Charles W Jr"N00035465,   "Bowden, Craig"N00034622,   "Bowman, Joe"N00036148,   "Bowman, Terry"N00006692,   "Boxer, Barbara"N00035307,   "Boyle, Brendan"N00036816,   "Boyle, Stephen"N00034812,   "Bradley, Wes"N00005883,   "Brady, Kevin"N00001619,   "Brady, Robert A"N00036563,   "Brady, Ross"N00027464,   "Braley, Bruce"N00036227,   "Brand, Grant"N00035871,   "Brannigan, Sharon"N00036302,   "Brannon, Josh"N00036013,   "Brat, Dave"N00036223,   "Bray, Mark"N00033532,   "Bridenstine, James"N00035322,   "Brikho, George"N00035959,   "Brion, Scott Floyd"N00024983,   "Briscoe, Frank"N00033911,   "Bromell-Tinubu, Gloria"N00002517,   "Bronson, Bill"N00036784,   "Brooks, David"N00030910,   "Brooks, Mo"N00033495,   "Brooks, Susan"N00028986,   "Broun, Paul"N00036832,   "Brown, Bo C"N00002713,   "Brown, Corrine"N00035759,   "Brown, Don"N00036634,   "Brown, Harris"N00036447,   "Brown, James"N00005362,   "Brown, Raymond"N00031174,   "Brown, Scott"N00003535,   "Brown, Sherrod"N00034590,   "Brown, Steve"N00034254,   "Brownley, Julia"N00035139,   "Brubaker, Richard"N00031804,   "Bruner, Cory"N00030237,   "Bryan, Jim"N00035749,   "Buchal, James"N00027626,   "Buchanan, Vernon"N00030829,   "Buck, Kenneth R"N00036614,   "Buckley, John"N00031227,   "Bucshon, Larry"N00036739,   "Buhrdorf, Dan"N00035874,   "Bumpers, Robert"N00035901,   "Burgess, Jeremy"N00025219,   "Burgess, Michael"N00034080,   "Burleson, Cindy"N00002221,   "Burr, Richard"N00036237,   "Bussell, Hugh"N00033390,   "Bustos, Cheri"N00027035,   "Butterfield, G K"N00034089,   "Byrd, Jeff"N00035380,   "Byrne, Bradley"N00035436,   "Byrnes, Pam"N00034726,   "Cadien, Tawana W"N00035433,   "Cain, Emily"N00035362,   "Callis, Ann"N00007099,   "Calvert, Ken"N00008086,   "Camp, Dave"N00025982,   "Campbell, Douglas"N00027565,   "Campbell, John"N00033999,   "Campos, Benjamin"N00036762,   "Cannon, Allen"N00035515,   "Cannon, Jerry"N00007836,   "Cantwell, Maria"N00009771,   "Capito, Shelley Moore"N00007232,   "Capps, Lois"N00000267,   "Capuano, Michael E"N00033373,   "Cardenas, Tony"N00001955,   "Cardin, Ben"N00034135,   "Cargas, James"N00032688,   "Carlson, Steve"N00030736,   "Carney, John"N00012508,   "Carper, Tom"N00036625,   "Carpio, Monica"N00035827,   "Carr, Elan"N00036757,   "Carr, James"N00032554,   "Carr, William R"N00029513,   "Carson, Andre"N00036022,   "Carson, Jeffrey"N00035346,   "Carter, Buddy"N00036456,   "Carter, Jerry"N00025095,   "Carter, John"N00034128,   "Cartwright, Matt"N00035216,   "Cary, Michael"N00027503,   "Casey, Bob"N00035325,   "Casey, Nick"N00030245,   "Cassidy, Bill"N00036310,   "Casteen, J Wesley"N00027514,   "Castor, Kathy"N00033316,   "Castro, Joaquin"N00034795,   "Cavanagh, Daniel J"N00035842,   "Cavanagh, Lori Hopkins"N00027227,   "Cavasso, Cam"N00036402,   "Celis, Pedro"N00036735,   "Chabot, Brian"N00036102,   "Chabot, Paul"N00003689,   "Chabot, Steve"N00036537,   "Chaffee, Chris"N00028958,   "Chaffetz, Jason"N00002685,   "Chambliss, Saxby"N00036722,   "Chance, David"N00035893,   "Chapman, John"N00030475,   "Chapman, Margaret"N00034591,   "Charles, Richard"N00036143,   "Charlton, Walter"N00034134,   "Chauvin, Hugh"N00036824,   "Chester, David L"N00035387,   "Chew, Robin Leo"N00029692,   "Childers, Travis"N00035326,   "Cho, Roy"N00000133,   "Christian-Christensen, Donna"N00036176,   "Christofferson, Aelea"N00030600,   "Chu, Judy"N00032019,   "Cicilline, David"N00035888,   "Claitor, Dan"N00035278,   "Clark, Katherine"N00035890,   "Clark, Norm"N00026961,   "Clarke, Yvette D"N00035854,   "Clawson, Curt"N00012460,   "Clay, William L Jr"N00035917,   "Cleary, Brenda"N00026790,   "Cleaver, Emanuel"N00035238,   "Clements, Paul Colin"N00036199,   "Clements, Thomas Patrick"N00036267,   "Clemmons, Chris"N00035968,   "Cleveland, Craig"N00002408,   "Clyburn, James E"N00036797,   "Clyde, Bill"N00036152,   "Coakley, Vince"N00003845,   "Coats, Dan"N00036320,   "Cobb, Gary"N00028845,   "Cobb, Joe"N00002247,   "Coble, Howard"N00005601,   "Coburn, Tom"N00003328,   "Cochran, Thad"N00032957,   "Cody, Ken"N00024753,   "Coffman, Mike"N00003225,   "Cohen, Steve"N00035575,   "Cohn, Alan"N00035136,   "Cole, Michael"N00025726,   "Cole, Tom"N00036158,   "Coleman, Bonnie"N00001285,   "Collins, Chris"N00033518,   "Collins, Doug"N00000491,   "Collins, Susan M"N00035978,   "Colliver, Ed"N00036023,   "Comstock, Barbara"N00007084,   "Conaway, Bob"N00026041,   "Conaway, Mike"N00032363,   "Condit, Jim"N00029891,   "Connolly, Gerry"N00004029,   "Conyers, John Jr"N00035123,   "Cook, Don"N00036492,   "Cook, Paul"N00034224,   "Cook, Paul"N00031820,   "Coons, Chris"N00003132,   "Cooper, Jim"N00035056,   "Corey, Matthew"N00027441,   "Corker, Bob"N00024852,   "Cornyn, John"N00035994,   "Corvalan, Ruben"N00026341,   "Costa, Jim"N00031064,   "Costello, Ryan"N00033363,   "Cotton, Tom"N00024842,   "Courtney, Joe"N00035208,   "Cox, David"N00036090,   "Coyne, Thomas"N00031142,   "Cozad, David"N00025023,   "Craig, Kevin"N00027243,   "Craig, Rufus"N00035755,   "Cramer, Daniel Nelson"N00004614,   "Cramer, Kevin"N00006267,   "Crapo, Mike"N00035619,   "Crawford, Dennis"N00030770,   "Crawford, Rick"N00012739,   "Crenshaw, Ander "N00036814,   "Crestwell, Gregory"N00036171,   "Crossland, Pete"N00001127,   "Crowley, Joseph"N00034882,   "Crowley, Kawika"N00033085,   "Cruz, Ted"N00024978,   "Cuellar, Henry"N00009738,   "Culberson, John"N00036181,   "Culler, Anthony"N00035133,   "Cummings, Daniel"N00001971,   "Cummings, Elijah E"N00036083,   "Cunningham, David"N00036517,   "Cunningham, Kathleen Rosewater"N00028439,   "Cunningham, Robb"N00035403,   "Curbelo, Carlos"N00036755,   "Curtis, Amanda"N00036549,   "Daggett, Doug"N00033054,   "Daines, Steven"N00035879,   "Dale, John"N00036839,   "Dale, Lawrence"N00032884,   "Danet, Vincent Emile"N00032934,   "Dashairya, Bhagwan"N00036635,   "Dasher, Zach"N00036719,   "Davenport, Samuel"N00004884,   "Davis, Danny K"N00034784,   "Davis, Rodney"N00009604,   "Davis, Susan A"N00036162,   "Day, Chris"N00036464,   "Deakin, Paul"N00036167,   "Dean, Tim"N00031038,   "Debicella, Dan"N00007781,   "DeFazio, Peter"N00006134,   "DeGette, Diana"N00033897,   "Delaney, John K"N00000615,   "DeLauro, Rosa L"N00030693,   "DelBene, Suzan"N00036605,   "Delozier, Aaron"N00035392,   "Demaio, Carl"N00031593,   "Denham, Jeff"N00036281,   "Denney, John"N00035881,   "Denney, Shawn"N00031180,   "Dennis, John"N00026171,   "Dent, Charlie"N00036330,   "Dentley, Yolanda"N00036285,   "Denton, Courtney"N00034746,   "DeSantis, Ron"N00030709,   "Desaulnier, Mark"N00030957,   "Desjarlais, Scott"N00031317,   "Deutch, Ted"N00030321,   "DeWitt, Rebecca"N00036766,   "Dezarn, Don"N00036350,   "Di Iorio, Nicholas S"N00035121,   "Diaz, Antonio"N00025337,   "Diaz-Balart, Mario"N00035786,   "Dickerson, Joyce"N00036550,   "Dickey, Ron"N00031295,   "Didier, Clint"N00035374,   "Dietzel, Paul"N00036860,   "Dilger, Michael J"N00035877,   "Dill, Josh"N00036149,   "Dingell, Debbie"N00001783,   "Dingell, John D"N00036027,   "Dingethal, Bob"N00035863,   "Dious, Ken"N00029460,   "Djou, Charles"N00036477,   "Doggart, Robert"N00006023,   "Doggett, Lloyd"N00035841,   "Doherty, Grant"N00031103,   "Dold, Bob"N00034876,   "Dolgos, Stephen"N00036053,   "Domina, Dave"N00035401,   "Domino, Carl"N00034946,   "Donka, Mark"N00026586,   "Donnelly, Joe"N00036574,   "Douthitt, Jon"N00001373,   "Doyle, Mike"N00033881,   "Drummond, William (Cleave) II"N00035102,   "Dryer, Norris"N00027860,   "Duckworth, Tammy"N00036791,   "Dudikoff, Sydeney"N00030967,   "Duffy, Sean P"N00036763,   "Dugas, Lee A"N00033919,   "Duhon, Maurice"N00035294,   "Duke, Greg"N00035550,   "Dunbar, Forrest"N00030752,   "Duncan, Jeff"N00003209,   "Duncan, John J Jr"N00036826,   "Duncan, Vince"N00035242,   "Dunec, Mark S"N00036799,   "Dunn, Donna"N00004981,   "Durbin, Dick"N00036580,   "Durbin, Sharon"N00034105,   "Eberly, Eric"N00035496,   "Eck, Alieta"N00035299,   "Eckles, Shawn"N00036014,   "Edmond, Micah"N00036569,   "Edstrom, William"N00036508,   "Edwards, Adrienne"N00028249,   "Edwards, Donna"N00036269,   "Edwards, Edwin"N00035313,   "Eggman, Michael"N00036835,   "Eickholt, Brad A"N00036283,   "Elder, Daniel"N00035243,   "Eldridge, Sean"N00028257,   "Ellison, Keith"N00031513,   "Ellmers, Renee"N00036831,   "Else, David A"N00036434,   "Emerson, Tom Jr"N00035440,   "Emmer, Tom"N00001003,   "Engel, Eliot L"N00035309,   "Enyart, Douglas"N00034884,   "Enyart, William"N00006249,   "Enzi, Mike"N00027434,   "Ericson, Cris"N00035483,   "Ernst, Joni"N00007335,   "Eshoo, Anna"N00036794,   "Esquivel, Samuel"N00033217,   "Esty, Elizabeth"N00034408,   "Evans, James S"N00034687,   "Everett, Earl E"N00036838,   "Fahrendorf, Gus"N00007632,   "Faleomavaega, Eni F H"N00036524,   "Falstad, David B"N00031672,   "Farenthold, Blake"N00036055,   "Farr, Joan Elizabeth"N00007312,   "Farr, Sam"N00001746,   "Fattah, Chaka"N00036650,   "Fausz, Elliott"N00007364,   "Feinstein, Dianne"N00035731,   "Felder, Cassie"N00004663,   "Fellows, Mike"N00035743,   "Fernandez, Jose Luis"N00035858,   "Fernandez, Luis"N00031141,   "Fincher, Steve"N00033443,   "Fischer, Deb"N00035930,   "Fischer, Jim"N00027229,   "Fitzpatrick, Michael G"N00035522,   "Fjeld, Laura"N00009573,   "Flake, Jeff"N00030815,   "Fleischmann, Chuck"N00029679,   "Fleming, John"N00031545,   "Flores, Bill"N00013799,   "Forbes, Randy"N00026631,   "Fortenberry, Jeff"N00029139,   "Foster, Bill"N00033960,   "Foster, James"N00035764,   "Foust, John"N00035973,   "Fowler, Gerald"N00036444,   "Fox, Richard"N00026166,   "Foxx, Virginia"N00002893,   "Frankel, Lois J"N00029016,   "Franken, Al"N00036761,   "Franklin, Gwendolyn"N00036482,   "Franklin, Robert D"N00006423,   "Franks, Trent"N00035223,   "Freeman, April"N00000684,   "Frelinghuysen, Rodney"N00035741,   "Frese, Michael"N00032953,   "Freudenheim, Jack"N00036802,   "Frey, Mike"N00036803,   "Fritz, Dennis L"N00035940,   "Fry, Robert"N00030490,   "Fudge, Marcia L"N00034627,   "Fulner, Jim"N00036570,   "Funiciello, Matt"N00033281,   "Gabbard, Tulsi"N00036247,   "Gagnier, Christina"N00017426,   "Gainer, Glen"N00033541,   "Gallego, Pete"N00036097,   "Gallego, Ruben"N00027160,   "Gammill, Powell"N00036583,   "Gandino-Saadein, Justin J"N00030856,   "Garamendi, John"N00029908,   "Garcia, Joe"N00035800,   "Garcia, Marilinda"N00036737,   "Garcia, Raul"N00030780,   "Gardner, Cory"N00036353,   "Garrett, Janet"N00000743,   "Garrett, Scott"N00035457,   "Garrison, Jennifer"N00035730,   "Gatton, Mark A"N00036398,   "Gaughan, Walter Lawrence"N00036058,   "Gauthier, Edmund Louis"N00036372,   "Geddings, Harold III"N00025025,   "Gerlach, Jim"N00036557,   "Gerrard, Roger"N00034977,   "Gesty, Scott"N00026251,   "Gianoutsos, Ted"N00031128,   "Gibbs, Bob"N00031998,   "Gibson, Chris"N00034967,   "Gibson, Mark"N00036064,   "Gillespie, Ed"N00027658,   "Gillibrand, Kirsten"N00024760,   "Gingrey, Phil"N00034065,   "Gluck, George"N00036806,   "Gnadt, Loel"N00036841,   "Godfrey, Sean"N00026148,   "Gohmert, Louis B Jr"N00036560,   "Goikhman, Dorit"N00036741,   "Goldsmith, Gardner"N00009154,   "Goodlatte, Bob"N00036273,   "Goodrich, Bob"N00036342,   "Goossen, David"N00035707,   "Gorell, Jeff"N00036612,   "Gorman, Jeff"N00030771,   "Gosar, Paul"N00036210,   "Gottshall, Curt"N00036488,   "Gouge, Casey"N00030880,   "Gowdy, Trey"N00013685,   "Graeser, Ron"N00035688,   "Graham, Gwen"N00009975,   "Graham, Lindsey"N00008799,   "Granger, Kay"N00035023,   "Grant, Clay"N00001758,   "Grassley, Chuck"N00036135,   "Graves, Garret"N00013323,   "Graves, Sam"N00030788,   "Graves, Tom"N00028418,   "Grayson, Alan"N00029204,   "Grayson, Richard"N00026686,   "Green, Al"N00005870,   "Green, Gene"N00031203,   "Greenberg, Mark"N00009743,   "Greene, Mark"N00036628,   "Griffin, Calvin"N00031297,   "Griffin, Tim"N00032029,   "Griffith, Morgan"N00025284,   "Grijalva, Raul M"N00035486,   "Grimes, Alison"N00031401,   "Grimm, Michael"N00029400,   "Grisham, Michelle Lujan"N00036409,   "Grothman, Glenn S"N00036664,   "Gruett, Ron"N00036751,   "Guerriero, Jeff"N00036655,   "Guillot, BJ"N00030801,   "Guinta, Frank"N00036850,   "Gurney, Barry"N00029675,   "Guthrie, Brett"N00004874,   "Gutierrez, Luis V"N00036146,   "Haddox, Steven"N00029617,   "Hagan, Kay R"N00031390,   "Hagedorn, Jim"N00006806,   "Hahn, Janice"N00035197,   "Hall, Heidi"N00025740,   "Hall, Jim"N00005645,   "Hall, Ralph"N00035395,   "Halter, Irving Jr"N00036228,   "Hamilton, Ken"N00035986,   "Hamilton, Shawn Michael"N00036651,   "Hammer, Will"N00036842,   "Hammons, Bill"N00036642,   "Hampton, Terry"N00025881,   "Hanabusa, Colleen"N00030197,   "Hanna, Richard"N00025713,   "Hansen, Janine"N00036198,   "Hansen, Sharon"N00036539,   "Hardwick, Alan"N00036070,   "Hardy, Charles E"N00035628,   "Hardy, Cresent"N00004207,   "Harkin, Tom"N00032364,   "Harlow, David"N00036818,   "Harmati, Louis"N00029632,   "Harper, Gregg"N00029147,   "Harris, Andy"N00036613,   "Harris, Mark L"N00036586,   "Harrold, Marc"N00035631,   "Hart, Bob"N00031005,   "Hartzler, Vicky"N00013771,   "Hartzok, Alanna K"N00036811,   "Hass, Erwin"N00002884,   "Hastings, Alcee L"N00009157,   "Hastings, Doc"N00009869,   "Hatch, Orrin G"N00018217,   "Hatchett, Charles"N00025670,   "Haugh, Sean"N00036805,   "Hawes, Leigh M"N00035985,   "Haynes, Nick"N00005459,   "Hays, Patrick Henry"N00031124,   "Hayworth, Nan"N00034132,   "Headrick, Mary Margaret"N00031557,   "Heck, Dennis"N00031244,   "Heck, Joe"N00034717,   "Hedge, Bill"N00028451,   "Hedrick, Steven"N00029835,   "Heinrich, Martin"N00033782,   "Heitkamp, Heidi"N00034324,   "Heitzman, Susan Hall"N00027522,   "Heller, Dean"N00024922,   "Hensarling, Jeb"N00031931,   "Herr, Brian"N00031559,   "Herrera Beutler, Jaime"N00032243,   "Hice, Jody B"N00027060,   "Higgins, Brian M"N00036833,   "Hildebrandt, Elaine B"N00035030,   "Hildebrandt, Ken"N00035792,   "Hill, French"N00032983,   "Hill, Sid"N00036312,   "Hill, Tom"N00011129,   "Hill, Wayne L"N00029070,   "Himes, Jim"N00006008,   "Hinojosa, Ruben"N00036494,   "Hinton, James"N00035312,   "Hinz, Janet"N00028139,   "Hirono, Mazie K"N00031688,   "Hoeven, John"N00034293,   "Holcomb, David Christopher"N00036798,   "Holder, Bryan Jack"N00033399,   "Holding, George"N00036048,   "Hollis, Paul"N00005437,   "Holloway, Clyde C"N00036538,   "Holmes, Jeff"N00000860,   "Holt, Rush"N00012611,   "Honda, Mike"N00025924,   "Horning, Andy"N00033638,   "Horsford, Steven"N00036178,   "Houghton, Tom"N00036486,   "Howie, Gordon"N00001821,   "Hoyer, Steny H"N00035897,   "Hoyt, Nancy"N00036783,   "Hudok, Paul"N00033630,   "Hudson, Richard"N00027649,   "Huelskamp, Tim"N00033030,   "Huffman, Jared"N00035920,   "Hughes, Bill Jr"N00030673,   "Huizenga, Bill"N00031104,   "Hultgren, Randy"N00029258,   "Hunter, Duncan D"N00031417,   "Hurd, Will"N00031265,   "Hurt, Robert"N00036431,   "Hutto, Brad"N00005963,   "Idrogo, Michael"N00035756,   "Ince, Cecil Anthony"N00005582,   "Inhofe, James M"N00036288,   "Irvin, Nate"N00002593,   "Isakson, Johnny"N00013345,   "Israel, Steve"N00007017,   "Issa, Darrell"N00031603,   "Izzo, Rose"N00005818,   "Jackson Lee, Sheila"N00036559,   "Jackson, Eli ""Sarge"""N00036366,   "James, Armond"N00036435,   "James, Joshua"N00036786,   "Jamias, Mapu S"N00035573,   "Janay, Laura"N00033640,   "Jeffries, Hakeem"N00035531,   "Jenkins, Evan"N00035804,   "Jenkins, Jim"N00029077,   "Jenkins, Lynn"N00035613,   "Jennings, Vincent"N00035425,   "Jensen, Elisabeth"N00029444,   "Johanns, Mike"N00032088,   "Johnson, Bill"N00036468,   "Johnson, Connie"N00036576,   "Johnson, Dennis B"N00008122,   "Johnson, Eddie Bernice"N00027848,   "Johnson, Hank"N00036709,   "Johnson, Heather"N00035128,   "Johnson, James L Jr"N00036081,   "Johnson, Johnny"N00035725,   "Johnson, Karen M"N00032546,   "Johnson, Ron"N00008028,   "Johnson, Sam"N00036859,   "Johnson, Sam"N00010084,   "Johnson, Tim"N00034817,   "Joiner, Gregory"N00035717,   "Jolly, David"N00036031,   "Jones, Davy"N00036810,   "Jones, Harold H"N00036457,   "Jones, Jeff"N00036785,   "Jones, Paul"N00035974,   "Jones, Russ"N00002299,   "Jones, Walter B Jr"N00027894,   "Jordan, Jim"N00035007,   "Joyce, David P"N00033182,   "Kabat, Ronald P"N00035586,   "Kaifesh, Lawrence Joseph"N00033177,   "Kaine, Tim"N00003522,   "Kaptur, Marcy"N00035934,   "Katko, John"N00033516,   "Kaufman, Joe"N00031933,   "Keating, Bill"N00036659,   "Keller, Craig"N00031647,   "Kelly, Mike"N00035215,   "Kelly, Robin"N00035976,   "Kelsey, Bill"N00034044,   "Kennedy, Joe III"N00036864,   "Kent, Gaylon"N00036629,   "Kent, Joe"N00026427,   "Khanna, Ro"N00033395,   "Kildee, Dan"N00034453,   "Kilmer, Derek"N00035205,   "Kimber, James"N00036341,   "Kimmick, Randy"N00004403,   "Kind, Ron"N00034580,   "King, Angus"N00025630,   "King, Karl"N00001193,   "King, Pete"N00036509,   "King, R Adam"N00025237,   "King, Steven A"N00002656,   "Kingston, Jack"N00030667,   "Kinzinger, Adam"N00012539,   "Kirk, Mark"N00029260,   "Kirkpatrick, Ann"N00036357,   "Klepinger, Robert"N00004436,   "Kline, John"N00027500,   "Klobuchar, Amy"N00035820,   "Knight, Steve"N00036002,   "Koch, Max"N00025996,   "Kocher, Victor"N00035454,   "Kohn, Erin Bilbray"N00036677,   "Kohring, Vic"N00036680,   "Kokoski, Michael"N00036711,   "Kolber, Vincent A"N00035715,   "Koller, David"N00035995,   "Kolls, Mike"N00032568,   "Koniz, Gary"N00033548,   "Kopsick, Joe"N00035922,   "Kovach, Janice"N00036624,   "Krepp, Tim"N00036266,   "Krom, John"N00002798,   "Krulick, Al"N00034319,   "Kuhnle, Justin"N00035884,   "Kultala, Kelly"N00033822,   "Kundrata, Fred"N00036408,   "Kurtz, Tony"N00030875,   "Kuster, Ann Mclane"N00031377,   "Labrador, Raul"N00030308,   "Ladner, Lenny"N00036418,   "Lafrance, Nathan"N00005310,   "Laird, Steven C"N00001191,   "Lally, Grant"N00033987,   "LaMalfa, Doug"N00035942,   "Lambert, Dennis G"N00028133,   "Lamborn, Douglas L"N00000898,   "Lance, Leonard"N00035488,   "Land, Terri Lynn"N00005395,   "Landrieu, Mary L"N00036823,   "Langan, Jeffrey"N00035977,   "Lange, Ryan"N00009724,   "Langevin, Jim"N00031129,   "Lankford, James"N00035993,   "Lapham, Rob"N00035626,   "Lara, Rocky"N00009759,   "Larsen, Rick"N00000575,   "Larson, John B"N00004227,   "Latham, Tom"N00012233,   "Latta, Robert E"N00035956,   "Lavallee, Dan"N00035093,   "Lavergne, Frederick"N00027607,   "Lawhorn, Zane Rene"N00034068,   "Lawrence, Brenda"N00035852,   "Lawrence, Henry"N00036857,   "Lawrence, John"N00036348,   "Lawrence, Nate"N00036114,   "Lawson, Howard"N00035334,   "Leach, Ron"N00036243,   "Leader, William"N00009918,   "Leahy, Patrick"N00035833,   "Leavens, Drew"N00008046,   "Lee, Barbara"N00035847,   "Lee, Luther"N00031696,   "Lee, Mike"N00035383,   "Leflore, Burton"N00036732,   "Leiber, Arthur"N00035837,   "Leing, George"N00029779,   "Leone, Ross"N00036750,   "Lester, Mark"N00035967,   "Letsos, Niko"N00036768,   "Letton, Don"N00036852,   "Leuenberger, Jim"N00001691,   "Levin, Carl"N00003950,   "Levin, Sander"N00002577,   "Lewis, John"N00035682,   "Lewis, John"N00003796,   "Leyva, Mark J"N00032290,   "Lieber, Arthur Henry"N00035295,   "Lieberman, Richard"N00035825,   "Lieu, Ted"N00027239,   "Lipinski, Daniel"N00036119,   "Livingston, Gregory Seal"N00036796,   "Loban, Jess"N00000851,   "LoBiondo, Frank A"N00027741,   "Loebsack, David"N00035990,   "Loewe, Mark"N00007479,   "Lofgren, Zoe"N00035556,   "Logue, Dan"N00030676,   "Long, Billy"N00036536,   "Long, Charles A"N00035018,   "Lord, Randall"N00035347,   "Loudermilk, Barry"N00033842,   "Love, Mia"N00033274,   "Lowenthal, Alan"N00035891,   "Lowenthal, Jason Philip"N00001024,   "Lowey, Nita M"N00005559,   "Lucas, Frank D"N00030026,   "Luetkemeyer, Blaine"N00033004,   "Lugo, Christina"N00029562,   "Lujan, Ben R"N00029788,   "Lummis, Cynthia Marie"N00036582,   "Lynch, Cormick"N00013855,   "Lynch, Stephen F"N00036155,   "MacArthur, Thomas"N00035588,   "Macfarlane, Michael"N00035635,   "Maciel, Jonathan"N00030558,   "Macko, David"N00035914,   "MacQueen, Tate"N00027891,   "Maffei, Dan"N00020079,   "Magee, Doug"N00036767,   "Maggard, Mike"N00001157,   "Maher, Pat"N00000078,   "Maloney, Carolyn B"N00034277,   "Maloney, Sean Patrick"N00032838,   "Manchin, Joe"N00035487,   "Maness, Rob"N00026710,   "Marchant, Kenny"N00035463,   "Marchbanks, Neal"N00036200,   "Marineau, Paul"N00031777,   "Marino, Tom"N00000270,   "Markey, Ed"N00032264,   "Marksberry, Ed"N00035817,   "Marrero-Aguilera, Suzanna"N00035873,   "Mason, Michael"N00034041,   "Massie, Thomas"N00035053,   "Mata'Utia, Tu'au Kereti Jr"N00036391,   "Mates, Ben J"N00009753,   "Matheson, Jim"N00035132,   "Matkin, Richard A"N00027459,   "Matsui, Doris O"N00036712,   "Maxwell, Chip"N00036356,   "May, Richard"N00036801,   "Mayo, Chris"N00036637,   "Mayock, Frederick"N00036174,   "McAffrey, Al"N00034442,   "McAleer, Donna"N00035593,   "McAllister, Vance"N00006424,   "McCain, John"N00001148,   "McCarthy, Carolyn"N00028152,   "McCarthy, Kevin"N00027694,   "McCaskill, Claire"N00026460,   "McCaul, Michael"N00034468,   "McCausland, Shaun"N00035304,   "McClelland, Erin"N00036589,   "McClendon, Martin"N00006863,   "McClintock, Tom"N00012942,   "McCollum, Betty"N00003389,   "McConnell, Mitch"N00034384,   "McCray, Joseph Sr"N00036134,   "McCulloch, Craig"N00034908,   "McDermott, Jim"N00009829,   "McDermott, Jim"N00036858,   "McDermott, John V"N00036407,   "McDonald, Joyce"N00035489,   "McFadden, Mike"N00033922,   "McGehearty, Patrick"N00000179,   "McGovern, James P"N00026627,   "McHenry, Patrick"N00002356,   "McIntyre, Mike"N00033834,   "McKellar, Shirley"N00035397,   "McKenna, Michael"N00035681,   "McKenzie, Bobby"N00006882,   "McKeon, Buck"N00031681,   "McKinley, David"N00036375,   "McLaughlin, Curtis E"N00033509,   "McLeod, Gloria"N00026314,   "McMorris Rodgers, Cathy"N00035779,   "McMorris, Brannon"N00026926,   "McNerney, Jerry"N00036096,   "McPherson, Jackie"N00033982,   "McSally, Martha"N00036515,   "Meade, Stephen"N00033631,   "Meadows, Mark R"N00031134,   "Meehan, Patrick"N00001171,   "Meeks, Gregory W"N00027326,   "Mendoza, M V"N00000699,   "Menendez, Robert"N00034547,   "Meng, Grace"N00035352,   "Mensing, Dale Kenneth"N00030506,   "Meo, Michael"N00033037,   "Mercer, Gabriela Saucedo"N00029303,   "Merkley, Jeff"N00036795,   "Mero, Travis"N00012546,   "Messer, Luke"N00036713,   "Metcalfe, Margaret"N00036837,   "Meyer, Randall"N00036696,   "Meyer, Robert H"N00035513,   "Meyers, Vic"N00002793,   "Mica, John L"N00024770,   "Michaud, Mike"N00025775,   "Mikkelson, Harley"N00001945,   "Mikulski, Barbara A"N00036522,   "Milakovich, Marko"N00009795,   "Miller, Candice S"N00031493,   "Miller, Darrel"N00036856,   "Miller, Eric"N00006954,   "Miller, Gary"N00007390,   "Miller, George"N00013846,   "Miller, Jeff"N00029495,   "Miller-Meeks, Mariannette"N00035443,   "Mills, Stewart"N00035464,   "Minor, Louie"N00035758,   "Minter, Michael"N00035604,   "Misiuk, Isaac"N00036475,   "Mitchell, Cassandra J"N00036041,   "Mitchell, Nels"N00033368,   "Mitchum, Christopher"N00034719,   "Monchil, Russ"N00036610,   "Montchalin, Mike"N00034502,   "Montigel, Bob"N00036770,   "Montilla, Nestor"N00005988,   "Montoya, Marco"N00036275,   "Moolenaar, John"N00033814,   "Mooney, Alex"N00036232,   "Moore, Art"N00026914,   "Moore, Gwen"N00035184,   "Moore, Matt"N00028833,   "Moran, David"N00005282,   "Moran, Jerry"N00002083,   "Moran, Jim"N00036520,   "Moser-Bartlett, Paula"N00036649,   "Mosher, Norm"N00035431,   "Moulton, Seth"N00035416,   "Mowrer, Jim"N00035634,   "Moylan, David"N00033410,   "Mullin, Markwayne"N00036374,   "Mullis, Barbara Jo"N00031412,   "Mulvaney, Mick"N00026050,   "Murkowski, Lisa"N00027566,   "Murphy, Christopher S"N00035289,   "Murphy, Pat"N00033091,   "Murphy, Patrick E"N00036078,   "Murphy, Richard"N00005531,   "Murphy, Robert T"N00024992,   "Murphy, Tim"N00007876,   "Murray, Patty"N00034492,   "Murray, Robert"N00000939,   "Nadler, Jerrold"N00006789,   "Napolitano, Grace"N00033667,   "Narvaiz, Susan"N00036647,   "Nazario, Noel Jaime"N00000153,   "Neal, Richard E"N00036781,   "Neely, Charles"N00009926,   "Nelson, Bill"N00027570,   "Neree, Dufirstson"N00035336,   "Nestande, Brian"N00031469,   "Netherwood, Ray"N00026043,   "Neugebauer, Randy"N00036758,   "Neuman, Scott"N00035849,   "Neuman, Wes"N00036403,   "Newhouse, Daniel Milton"N00036526,   "Newman, Joe"N00036512,   "Nick, Adam"N00032022,   "Noem, Kristi"N00021207,   "Nolan, Rick"N00036154,   "Norcross, Don"N00001692,   "Norton, Eleanor Holmes"N00032441,   "Nugent, Richard"N00007248,   "Nunes, Devin"N00035480,   "Nunn, Michelle"N00031006,   "Nunnelee, Alan"N00036572,   "O'Donnell, Jim"N00003338,   "O'Hara, Shawn"N00033540,   "O'Rourke, Beto"N00009638,   "Obama, Barack"N00034629,   "Obermueller, Mike"N00024894,   "Oberweis, James D"N00036771,   "Olabisi, Bayo"N00031808,   "Oliver, Bill"N00035096,   "Olivera, Pablo"N00025870,   "Olsen, Norm"N00035584,   "Olsen, Randall"N00029285,   "Olson, Pete"N00029613,   "Orman, Greg"N00034310,   "Orswell, Jack"N00007581,   "Ose, Doug"N00036455,   "Ostrowski, Andrew J"N00035612,   "Overby, Paula"N00031011,   "Owens, Bill"N00036011,   "Owens, Doug"N00036063,   "Paddock, Rebecca"N00035766,   "Pakootas, Joe"N00031958,   "Palazzo, Steven"N00000781,   "Pallone, Frank Jr"N00035691,   "Palmer, Gary"N00035846,   "Panifi, Sara Jane"N00036062,   "Parachuri, Tanuja"N00032976,   "Parker, Gail"N00034564,   "Partain, Johnny"N00000751,   "Pascrell, Bill Jr"N00006397,   "Pastor, Ed"N00036822,   "Pastorius, David Allen"N00035104,   "Paterson, Clark"N00035640,   "Patrick, Suzanne"N00036772,   "Patterson, David"N00036328,   "Paul, Dierdre"N00030836,   "Paul, Rand"N00029391,   "Paulsen, Erik"N00034639,   "Payne, Donald M Jr"N00012672,   "Pearce, Steve"N00036714,   "Pearson, Michael"N00035567,   "Peiser, Dave"N00021580,   "Pekarek, Thomas"N00007360,   "Pelosi, Nancy"N00035516,   "Perdue, David"N00036003,   "Perez, Frank"N00035984,   "Perez, Jaime O"N00027510,   "Perlmutter, Edwin G"N00036567,   "Perri, Elizabeth"N00034120,   "Perry, Scott"N00035903,   "Perske, Joe"N00036800,   "Petermann, Jeff"N00029277,   "Peters, Gary"N00033591,   "Peters, Scott"N00004558,   "Peterson, Collin"N00026126,   "Peterson, Richard"N00004426,   "Petri, Tom"N00035975,   "Petty, Ken"N00036747,   "Pfleegor, Scott"N00036168,   "Phillip, Dan"N00036437,   "Phillips, Bartholomew J"N00029168,   "Pierluisi, Pedro"N00036024,   "Piliere, Frank"N00030005,   "Ping, Catherine"N00013817,   "Pingree, Chellie"N00034416,   "Pittenger, Robert"N00001633,   "Pitts, Joe"N00035979,   "Pivoda, Emily"N00035000,   "Plaskett, Stacey"N00035378,   "Platt, Carol"N00034992,   "Pleasant, Martin"N00033549,   "Pocan, Mark"N00026457,   "Poe, Ted"N00035746,   "Poetter, Tom"N00034584,   "Poliquin, Bruce"N00029127,   "Polis, Jared"N00030744,   "Pompeo, Mike"N00036853,   "Porambo, Joe"N00003682,   "Portman, Rob"N00029662,   "Posey, Bill"N00035323,   "Powers, Amos Scott"N00004565,   "Pressler, Larry"N00002260,   "Price, David"N00026160,   "Price, Tom"N00004092,   "Proctor, Ken"N00013823,   "Pryor, Mark"N00036754,   "Puccetti, Gregory"N00031544,   "Purl, Doug"N00035812,   "Quang, Tue Phan"N00036597,   "Quast, Bob"N00032951,   "Quick, Mark D"N00030581,   "Quigley, Mike"N00036410,   "Rabel, Edward Lawrence Jr"N00002198,   "Rahall, Nick"N00035757,   "Raley, J P"N00036568,   "Ramirez, Eduardo"N00036790,   "Ramirez, Sampson U"N00000964,   "Rangel, Charles B"N00035156,   "Rankin, Ed"N00004633,   "Rankin, Sam"N00036782,   "Ransdell, Robert Edward"N00035972,   "Ratcliffe, John Lee"N00036365,   "Rath, Megan Ann"N00032524,   "Rawles, Mark J"N00036579,   "Ray, Buddy"N00036523,   "Ray, Leon Loe"N00036553,   "Ray, Troy"N00036862,   "Raymond, Robert"N00029405,   "Recchia, Domenic"N00030145,   "Redpath, William"N00000362,   "Reed, Jack"N00030776,   "Reed, Mark"N00030949,   "Reed, Tom"N00035999,   "Reed, Wesley"N00035860,   "Reese, Brian"N00036005,   "Reeves, Jason"N00036150,   "Reich, Ed"N00026885,   "Reichert, Dave"N00009922,   "Reid, Harry"N00035752,   "Reis, Rhue"N00025216,   "Reiter, George"N00031127,   "Renacci, Jim"N00035560,   "Renteria, Amanda"N00013164,   "Reyes, Art"N00036865,   "Rhodes, John"N00030968,   "Ribble, Reid"N00035927,   "Rice, Kathleen"N00033832,   "Rice, Tom"N00036151,   "Rich, Arthur"N00030184,   "Richmond, Cedric"N00026683,   "Ridley, H J Jr"N00031653,   "Ries, Bob"N00030962,   "Rigell, Scott"N00036793,   "Rike, Chris"N00035845,   "Rimensnyder, Nelson"N00036346,   "Rines, Caprice"N00035583,   "Ringo, Shirley"N00029441,   "Risch, James E"N00035549,   "Ritch, John Thomas"N00035642,   "Ritchie, Jason"N00036565,   "Rivera, Daniel Vila"N00030199,   "Robbins, Frankie"N00005285,   "Roberts, Pat"N00035337,   "Robertson, Martha"N00032006,   "Robinson, Art"N00035753,   "Robinson, Corinna"N00036298,   "Robinson, Joey"N00035639,   "Robles, Luz"N00030768,   "Roby, Martha"N00001685,   "Rockefeller, Jay"N00036591,   "Rockwood, Chris"N00035719,   "Rodgers, Mike"N00028463,   "Roe, Phil"N00003473,   "Rogers, Hal"N00009668,   "Rogers, Mike"N00024759,   "Rogers, Mike D"N00036830,   "Rogers, Warren"N00033985,   "Rogers, Wendy"N00007151,   "Rohrabacher, Dana"N00031741,   "Rokita, Todd"N00029814,   "Roland, Jon"N00028747,   "Romaguera, Allan"N00031163,   "Romanoff, Andrew"N00029018,   "Rooney, Tom"N00036421,   "Roots, Roger"N00002858,   "Ros-Lehtinen, Ileana"N00004719,   "Roskam, Peter"N00030645,   "Ross, Dennis"N00035855,   "Rossano, Timothy"N00035344,   "Rothblatt, Gabriel"N00031253,   "Rothfus, Keith J"N00035187,   "Rounds, Mike"N00033527,   "Rouzer, David"N00029419,   "Rowley, Ryan"N00006671,   "Roybal-Allard, Lucille"N00008264,   "Royce, Ed"N00013336,   "Rozzo, Tino"N00030612,   "Rubio, Marco"N00033510,   "Ruiz, Raul"N00036581,   "Rumzie, Robert"N00031988,   "Runyan, Jon"N00025482,   "Ruppersberger, Dutch"N00004887,   "Rush, Bobby L"N00033229,   "Russell, Jeffrey"N00036748,   "Russell, Richard"N00036175,   "Russell, Steven"N00004357,   "Ryan, Paul"N00025280,   "Ryan, Tim"N00030418,   "Sablan, Gregorio"N00036817,   "Salas, Andrew"N00036438,   "Salekin, Choudury"N00006446,   "Salmon, Matt"N00035068,   "Salvette, Emily"N00034802,   "Salyer, Michael"N00035699,   "Samuelson, James Alan"N00032211,   "Sanchez, David"N00036061,   "Sanchez, Emily"N00036792,   "Sanchez, Federico"N00024870,   "Sanchez, Linda"N00008274,   "Sanchez, Loretta"N00000528,   "Sanders, Bernie"N00036641,   "Sandman, Ray Skip"N00036720,   "Sanford, Jeffry"N00002424,   "Sanford, Mark"N00036362,   "Sannes, Marvin"N00027751,   "Sarbanes, John"N00036442,   "Sarvis, Robert Christopher"N00035544,   "Sasse, Ben"N00036753,   "Saucier, Charles"N00036112,   "Savary, Suzanne Joyce"N00009660,   "Scalise, Steve"N00036564,   "Schaeffer, Kenneth D"N00004724,   "Schakowsky, Jan"N00036529,   "Schamis, Raymond Todd"N00028138,   "Schatz, Brian"N00036439,   "Schechter, Eric"N00036541,   "Schertzing, Eric"N00009585,   "Schiff, Adam"N00030668,   "Schilling, Bobby"N00035602,   "Schlakman, Ian"N00035317,   "Schnackenberg, Matt"N00033101,   "Schneider, Brad"N00029273,   "Schock, Aaron"N00036025,   "Scholte, Suzanne"N00030071,   "Schrader, Kurt"N00036774,   "Schroeder, Hank"N00036268,   "Schuckman, Perry"N00026106,   "Schultz, Debbie Wasserman"N00001093,   "Schumer, Charles E"N00001579,   "Schwartz, Allyson"N00028618,   "Schwartz, Leonard"N00006460,   "Schweikert, David"N00036326,   "Scolavino, Ruben"N00032457,   "Scott, Austin"N00022725,   "Scott, Bob"N00002147,   "Scott, Bobby"N00024871,   "Scott, David"N00031782,   "Scott, Tim"N00035028,   "Seaman, David"N00036317,   "Seaman, Jack"N00030695,   "Sebring, Dan"N00034695,   "Seibert, Sean"N00036773,   "Senegal, Villian"N00035332,   "Senger, Darlene"N00004291,   "Sensenbrenner, F James Jr"N00001813,   "Serrano, Jose E"N00003062,   "Sessions, Jeff"N00005681,   "Sessions, Pete"N00030622,   "Sewell, Terri A"N00024790,   "Shaheen, Jeanne"N00022814,   "Shapiro, Robert"N00035079,   "Sharer, Chris"N00000680,   "Shaw, Herbert"N00036726,   "Shbeita, Adam"N00028091,   "Shea-Porter, Carol"N00009920,   "Shelby, Richard C"N00035041,   "Shell, Mark"N00035390,   "Sheridan, Tim"N00006897,   "Sherman, Brad"N00036133,   "Sherow, Jim"N00035965,   "Sherrell, Lenda"N00035991,   "Shields, Ryan"N00004961,   "Shimkus, John M"N00036554,   "Shoemake, Shelley"N00036040,   "Shogan, Stephen H"N00013770,   "Shuster, Bill"N00035499,   "Silverstein, Matt"N00036396,   "Simonsen, Collin Robert"N00036000,   "Simonson, Roxanne"N00006263,   "Simpson, Mike"N00033983,   "Sinema, Kyrsten"N00036316,   "Sinner, George"N00027523,   "Sires, Albio"N00036821,   "Skalsky, George A"N00036685,   "Skarin, Bruce"N00001311,   "Slaughter, Louise M"N00007833,   "Smith, Adam"N00027623,   "Smith, Adrian"N00026863,   "Smith, Bert"N00028522,   "Smith, Bob"N00009816,   "Smith, Chris"N00035396,   "Smith, Glo"N00035282,   "Smith, Jason"N00036212,   "Smith, Jesse T"N00001811,   "Smith, Lamar"N00035801,   "Smith, Larry"N00036846,   "Smith, Ruth"N00036717,   "Smith, Scott"N00035953,   "Smith, Tootie"N00035034,   "Soffen, Scott"N00035160,   "Solodow, Matthew"N00031204,   "Southerland, Steve"N00036825,   "Souza, Daniel K"N00036530,   "Spain, Paul"N00035883,   "Spangler, Tom"N00036752,   "Spano, Alexander"N00036339,   "Spees, Kristen"N00029649,   "Speier, Jackie"N00036535,   "Sperber, Joseph Jean"N00036343,   "St John, Steve"N00004118,   "Stabenow, Debbie"N00034892,   "Stadler, Chuck"N00033433,   "Stainfield, Tami"N00006259,   "Stallings, Richard"N00035151,   "Stanczak, James"N00036226,   "Standiford, Debbie"N00035523,   "Stefanik, Elise"N00030479,   "Stein, Gary"N00036646,   "Steinhardt, Allen Frank"N00036804,   "Stephens, Barry D"N00028039,   "Stepp, Ken"N00036562,   "Stevenson, Will"N00033932,   "Stewart, Chris"N00036844,   "Stewart, Rick"N00029574,   "Stivers, Steve"N00035614,   "Stocker, Barbara Hamill"N00005918,   "Stockman, Steve"N00036639,   "Stockwell, Chris"N00036242,   "Stokes, Steve"N00001728,   "Stracuzzi, Natale"N00036812,   "Strawcutter, Rick"N00026322,   "Strickland, Tony"N00036561,   "Strom, Jason"N00036390,   "Strong, Zack"N00035339,   "Strouse, Kevin"N00030891,   "Stutzman, Marlin"N00036789,   "Suitonu-Chapman, Meleagi"N00035774,   "Sullivan, Dan"N00034529,   "Sullivan, Mark"N00033396,   "Sund, Sharon"N00036236,   "Sundeen, Dakin"N00036678,   "Swafford, Amanda"N00033508,   "Swalwell, Eric"N00036417,   "Swaney, Mark H"N00036276,   "Swartout, David"N00029432,   "Swift, Kat"N00030465,   "Swing, Gary"N00033798,   "Tacherra, Johnny"N00036441,   "Tahiro, Mohammed Abbajebel"N00035535,   "Takai, Mark"N00006701,   "Takano, Mark"N00036249,   "Tapia, Abel"N00036534,   "Tarpley, Ed"N00028727,   "Tatar, John"N00035957,   "Taylor, Kerith Strano"N00036334,   "Teijeiro, Annette"N00035674,   "Tennant, Natalie"N00005321,   "Terry, Lee"N00027605,   "Tester, Jon"N00030211,   "Theron, Peter"N00035889,   "Thomas, Charles (Trey)"N00036718,   "Thomas, Dave"N00003288,   "Thompson, Bennie G"N00029736,   "Thompson, Glenn"N00036855,   "Thompson, Lee"N00036364,   "Thompson, Linda"N00007419,   "Thompson, Mike"N00006052,   "Thornberry, Mac"N00036745,   "Thorne, Robert"N00035587,   "Thorsland, Eric"N00004572,   "Thune, John"N00035747,   "Tibbs, David"N00009699,   "Tiberi, Patrick J"N00000226,   "Tierney, John F"N00035340,   "Tilghman, Bill"N00035492,   "Tillis, Thom"N00034027,   "Tillman, Jimmy Lee"N00027509,   "Tipton, Scott"N00036470,   "Tiscornia, Jude Anthony"N00033812,   "Tisei, Richard"N00030191,   "Titus, Dina"N00032169,   "Tobin, Andy"N00036721,   "Tomaszewski, Scot John"N00030196,   "Tonko, Paul"N00001489,   "Toomey, Pat"N00036107,   "Torres, Norma"N00035760,   "Tottenham, Philip"N00036652,   "Trammell, Jack"N00031133,   "Trivedi, Manan"N00036369,   "Troiano, Nicholas Robert"N00035607,   "Trott, Dave"N00034930,   "Trout, W Michael (Mike)"N00028830,   "Trudell, Jerry"N00036392,   "Tryon, Stephen P"N00029026,   "Tsongas, Niki"N00007638,   "Tuika, Tuika"N00036788,   "Tulafono, Togiola"N00028444,   "Turk, Jacob"N00025175,   "Turner, Michael R"N00036463,   "Tyler, Rick"N00035937,   "Tyszkiewicz, Marek"N00008051,   "Udall, Mark"N00006561,   "Udall, Tom"N00036787,   "Ude, Mark"N00036377,   "Umbaugh, Kevin Robert"N00004133,   "Upton, Fred"N00033367,   "Valadao, David"N00013820,   "Van Hollen, Chris"N00036827,   "Vance, Donald L"N00036381,   "Vance, Dwayne A"N00035900,   "Vanderstelt, Dean"N00032311,   "Vandeven, Rick"N00007021,   "Vargas, Juan"N00036144,   "Vaughn, Carrogan"N00036010,   "Veach, Rodney"N00035969,   "Veasaw, James B"N00033839,   "Veasey, Marc"N00034451,   "Vein, Jim"N00034349,   "Vela, Filemon"N00001102,   "Velazquez, Nydia M"N00035720,   "Venuti, Joe"N00003813,   "Visclosky, Pete"N00009659,   "Vitter, David"N00036779,   "Vivoni, Miguel Hernandez"N00035799,   "Vogel, David Donald"N00034515,   "Vohra, Arvin"N00036851,   "Waddell, David"N00031883,   "Wade, Kevin"N00035207,   "Wager, Michael"N00033106,   "Wagner, Ann L"N00036849,   "Wahmoff, Chris"N00035424,   "Wakefield, Margie"N00026368,   "Walberg, Tim"N00007690,   "Walden, Greg"N00036548,   "Walhgren, Sharna"N00035311,   "Walker, Bradley"N00036691,   "Walker, Clayton G"N00036675,   "Walker, Thom M"N00024108,   "Walkowicz, Gary"N00033288,   "Wallace, Dave"N00030975,   "Wallace, Eric M"N00036551,   "Walley, Lajena"N00031226,   "Walorski, Jackie"N00035686,   "Walsh, John"N00035568,   "Walsh, Martin H"N00036531,   "Walters, Alejandro M"N00035391,   "Walters, Mimi"N00027467,   "Walz, Timothy J"N00035514,   "Ward, Rick"N00002097,   "Warner, Mark"N00033492,   "Warren, Elizabeth"N00026620,   "Washer, Barbara Dale"N00006690,   "Waters, Maxine"N00036202,   "Watson, Todd"N00001861,   "Waxman, Henry"N00036764,   "Waymire, William Jr"N00033539,   "Weber, Randy"N00026335,   "Webster, Daniel"N00036813,   "Weeks, James II"N00036054,   "Weh, Allen"N00035784,   "Wehby, Monica"N00004578,   "Weiland, Rick"N00034252,   "Weisser, Mikel"N00036293,   "Welborn, Roy"N00000515,   "Welch, Peter"N00036807,   "Welch, Ronald II"N00030480,   "Welzer, Steven"N00033310,   "Wenstrup, Brad"N00036352,   "Weppner, Kathleen"N00035527,   "Westerman, Bruce"N00036030,   "Westlund, Kelly"N00026163,   "Westmoreland, Lynn A"N00035904,   "Westrom, Torrey"N00035709,   "Whallon, Andrew"N00034249,   "Wharton, Scott"N00036252,   "Wheeler, Marihelen"N00035988,   "Whelan, Jennifer"N00035735,   "White Wolf, Shawn"N00027421,   "White, Will Tyler"N00027533,   "Whitehouse, Sheldon"N00003467,   "Whitfield, Ed"N00036636,   "Whitney, Lenar"N00036113,   "Wichern, Mark"N00003280,   "Wicker, Roger"N00029769,   "Wieder, John"N00035762,   "Wiegmann, Matthew"N00035862,   "Wight, Thomas"N00026737,   "Wildman, Andrew Jaye"N00036327,   "Wilkinson, Anthony"N00036225,   "Willhite, Brian"N00036829,   "Williams, Eric Lemonte"N00035680,   "Williams, Peter"N00030602,   "Williams, Roger"N00036619,   "Williamson, John W"N00036843,   "Willoughby, Donald"N00036440,   "Wilmoth, Joe B"N00035834,   "Wilske, Larry"N00030650,   "Wilson, Frederica"N00024809,   "Wilson, Joe"N00036136,   "Wilt, Bill"N00036467,   "Winton, Mike"N00030000,   "Wise, Scott"N00035696,   "Witt, James Lee"N00029459,   "Wittman, Rob"N00036638,   "Wofford, Ann"N00002073,   "Wolf, Frank"N00031857,   "Womack, Steve"N00036386,   "Wonnacott, Brian"N00036510,   "Wood, John Jr"N00032416,   "Woodall, Rob"N00036213,   "Woods, James Issac"N00036606,   "Woods, Ray"N00036163,   "Woolf, Aaron"N00036630,   "Wright, Ed"N00035689,   "Wright, Erick"N00036301,   "Wright, Paul"N00007724,   "Wyden, Ron"N00028073,   "Yarmuth, John A"N00035951,   "Yates, Jason"N00031502,   "Yoder, Kevin"N00033220,   "Yoho, Ted"N00035509,   "Young, David"N00007999,   "Young, Don"N00034715,   "Young, Herschel"N00030670,   "Young, Todd"N00035569,   "Ytterberg, Don"N00029887,   "Zaccaria, Mark"N00027934,   "Zamora, Eddie"N00029404,   "Zeldin, Lee"N00033127,   "Zerban, Rob"N00036358,   "Zetzer, Mark"N00030451,   "Zimmer, George"N00035616,   "Zinke, Ryan K"